{"ongoing_trials": {}, "hyperparameters": {"space": [{"class_name": "Choice", "config": {"name": "neurons", "default": 16, "conditions": [], "values": [16, 32, 64], "ordered": true}}, {"class_name": "Choice", "config": {"name": "dropout", "default": 0.0, "conditions": [], "values": [0.0, 0.2, 0.4], "ordered": true}}], "values": {"neurons": 16, "dropout": 0.0}}, "start_order": ["0000", "0001", "0002", "0003", "0004", "0005", "0006", "0007", "0008"], "end_order": ["0000", "0001", "0002", "0003", "0004", "0005", "0006", "0007", "0008"], "run_times": {"0000": 1, "0001": 1, "0002": 1, "0003": 1, "0004": 1, "0005": 1, "0006": 1, "0007": 1, "0008": 1}, "retry_queue": [], "seed": 9158, "seed_state": 9206, "tried_so_far": ["beb07707e14cc858a5c9d05643211002", "fa7087424374b3bb0d60b882b1a6cea5", "5898835618a465653abcb29f63ab5817", "6a95d57fee83b79d98327f7ae0b493a6", "a0699ff366972a26a9f9cde13e069011", "cb8db60385131e1320c1fc6068a32f61", "e4a714136114b4d2b439fd24bd93250b", "bcfaae1fcb4c1de8321e825488a0229a", "d12c075d8b12469ce00febc409a6b0c9"], "id_to_hash": {"0000": "bcfaae1fcb4c1de8321e825488a0229a", "0001": "fa7087424374b3bb0d60b882b1a6cea5", "0002": "d12c075d8b12469ce00febc409a6b0c9", "0003": "beb07707e14cc858a5c9d05643211002", "0004": "a0699ff366972a26a9f9cde13e069011", "0005": "cb8db60385131e1320c1fc6068a32f61", "0006": "e4a714136114b4d2b439fd24bd93250b", "0007": "5898835618a465653abcb29f63ab5817", "0008": "6a95d57fee83b79d98327f7ae0b493a6"}, "hyperband_iterations": 1, "max_epochs": 100, "min_epochs": 1, "factor": 3, "brackets": [{"bracket_num": 4, "rounds": [[{"past_id": null, "id": "0000"}, {"past_id": null, "id": "0001"}, {"past_id": null, "id": "0002"}, {"past_id": null, "id": "0003"}, {"past_id": null, "id": "0004"}, {"past_id": null, "id": "0005"}, {"past_id": null, "id": "0006"}, {"past_id": null, "id": "0007"}, {"past_id": null, "id": "0008"}], [], [], [], []]}], "current_bracket": 4, "current_iteration": 0}