{"trial_id": "0003", "hyperparameters": {"space": [{"class_name": "Choice", "config": {"name": "neurons", "default": 16, "conditions": [], "values": [16, 32, 64], "ordered": true}}, {"class_name": "Choice", "config": {"name": "dropout", "default": 0.0, "conditions": [], "values": [0.0, 0.2, 0.4], "ordered": true}}], "values": {"neurons": 64, "dropout": 0.2, "tuner/epochs": 2, "tuner/initial_epoch": 0, "tuner/bracket": 4, "tuner/round": 0}}, "metrics": {"metrics": {"loss": {"direction": "min", "observations": [{"value": [1.1851879358291626], "step": 1}]}, "accuracy": {"direction": "max", "observations": [{"value": [0.49345260858535767], "step": 1}]}, "val_loss": {"direction": "min", "observations": [{"value": [1.1477882862091064], "step": 1}]}, "val_accuracy": {"direction": "max", "observations": [{"value": [0.4850108027458191], "step": 1}]}}}, "score": 0.4850108027458191, "best_step": 1, "status": "COMPLETED", "message": null}