{"trial_id": "0001", "hyperparameters": {"space": [{"class_name": "Choice", "config": {"name": "neurons", "default": 16, "conditions": [], "values": [16, 32, 64], "ordered": true}}, {"class_name": "Choice", "config": {"name": "dropout", "default": 0.0, "conditions": [], "values": [0.0, 0.2, 0.4], "ordered": true}}], "values": {"neurons": 32, "dropout": 0.0, "tuner/epochs": 2, "tuner/initial_epoch": 0, "tuner/bracket": 4, "tuner/round": 0}}, "metrics": {"metrics": {"loss": {"direction": "min", "observations": [{"value": [2.978210210800171], "step": 0}]}, "accuracy": {"direction": "max", "observations": [{"value": [0.4208437502384186], "step": 0}]}, "val_loss": {"direction": "min", "observations": [{"value": [1.6349941492080688], "step": 0}]}, "val_accuracy": {"direction": "max", "observations": [{"value": [0.48725852370262146], "step": 0}]}}}, "score": 0.48725852370262146, "best_step": 0, "status": "COMPLETED", "message": null}