{"trial_id": "0004", "hyperparameters": {"space": [{"class_name": "Choice", "config": {"name": "neurons", "default": 16, "conditions": [], "values": [16, 32, 64], "ordered": true}}, {"class_name": "Choice", "config": {"name": "dropout", "default": 0.0, "conditions": [], "values": [0.0, 0.2, 0.4], "ordered": true}}], "values": {"neurons": 64, "dropout": 0.0, "tuner/epochs": 2, "tuner/initial_epoch": 0, "tuner/bracket": 4, "tuner/round": 0}}, "metrics": {"metrics": {"loss": {"direction": "min", "observations": [{"value": [1.579176902770996], "step": 1}]}, "accuracy": {"direction": "max", "observations": [{"value": [0.45973631739616394], "step": 1}]}, "val_loss": {"direction": "min", "observations": [{"value": [1.6331061124801636], "step": 1}]}, "val_accuracy": {"direction": "max", "observations": [{"value": [0.3862001597881317], "step": 1}]}}}, "score": 0.3862001597881317, "best_step": 1, "status": "COMPLETED", "message": null}