{"trial_id": "0002", "hyperparameters": {"space": [{"class_name": "Choice", "config": {"name": "neurons", "default": 16, "conditions": [], "values": [16, 32, 64], "ordered": true}}, {"class_name": "Choice", "config": {"name": "dropout", "default": 0.0, "conditions": [], "values": [0.0, 0.2, 0.4], "ordered": true}}], "values": {"neurons": 64, "dropout": 0.4, "tuner/epochs": 2, "tuner/initial_epoch": 0, "tuner/bracket": 4, "tuner/round": 0}}, "metrics": {"metrics": {"loss": {"direction": "min", "observations": [{"value": [4.032711029052734], "step": 0}]}, "accuracy": {"direction": "max", "observations": [{"value": [0.48058584332466125], "step": 0}]}, "val_loss": {"direction": "min", "observations": [{"value": [1.2067561149597168], "step": 0}]}, "val_accuracy": {"direction": "max", "observations": [{"value": [0.4842529892921448], "step": 0}]}}}, "score": 0.4842529892921448, "best_step": 0, "status": "COMPLETED", "message": null}